{
  "episodes": 500.0,
  "average_step_reward": -2.4782565141328643,
  "encirclement_time": 20.47814207650273,
  "danger_rate": 0.04386364550029663,
  "success_rate": 0.366,
  "collision_rate": 0.634,
  "timeout_rate": 0.0,
  "final_distance_error": 1.7140092356621095,
  "final_angle_error": 0.5831181682667425,
  "min_obstacle_clearance": 0.19048551379550724,
  "min_pursuer_clearance": 0.24374793125074365,
  "bidirectional_meta_messages": 120.0,
  "fully_connected_meta_messages": 170.0,
  "communication_reduction": 0.2941176470588235,
  "scenario": "randomized",
  "policy": "checkpoint",
  "guide": "channel"
}