{
  "episodes": 500.0,
  "average_step_reward": -2.56540244411398,
  "encirclement_time": 20.12256097560976,
  "danger_rate": 0.046150418732305055,
  "success_rate": 0.328,
  "collision_rate": 0.672,
  "timeout_rate": 0.0,
  "final_distance_error": 1.8075606927851346,
  "final_angle_error": 0.6107342855788824,
  "min_obstacle_clearance": 0.1809518516602073,
  "min_pursuer_clearance": 0.260153557253214,
  "bidirectional_meta_messages": 120.0,
  "fully_connected_meta_messages": 170.0,
  "communication_reduction": 0.2941176470588235,
  "scenario": "randomized",
  "policy": "checkpoint",
  "guide": "channel"
}